Instance,NU,NC,Fed,Adult,↓V,Users,BI,BB,UT,MO,Version
[Lemmy.World](https://lemmy.world),Yes,Yes,Yes,Yes,Yes,17643,172,0,99%,13,0.19.3-4-gf13026779
[Lemmy NSFW](https://lemmynsfw.com),Yes,Yes,Yes,Yes,No,3399,177,15,99%,13,0.19.3-1-gd05f00d4c
[sh.itjust.works](https://sh.itjust.works),Yes,Yes,Yes,Yes,Yes,2469,59,1,100%,13,0.19.3
[Feddit](https://feddit.de),Yes,Yes,Yes,No,Yes,1284,135,0,99%,34,0.19.2
[programming.dev](https://programming.dev),Yes,Yes,Yes,Yes,Yes,1129,311,0,99%,13,0.19.3
[Blåhaj Lemmy](https://lemmy.blahaj.zone),Yes,Yes,Yes,Yes,No,901,244,2,99%,18,0.19.3-kt.2
[SDF Chatter](https://lemmy.sdf.org),Yes,Yes,Yes,Yes,Yes,504,0,0,98%,13,0.19.3
[Lemmy.one](https://lemmy.one),Yes,No,Yes,Yes,No,267,4,1,99%,13,0.19.3
[jlai.lu](https://jlai.lu),Yes,Yes,Yes,Yes,Yes,238,16,0,100%,12,0.19.3
[Pawb.Social](https://pawb.social),Yes,Yes,Yes,Yes,Yes,216,88,0,99%,13,0.19.3
[Lemmy Today](https://lemmy.today),Yes,Yes,Yes,Yes,Yes,197,0,1,100%,13,0.19.3
[Lemmings.world](https://lemmings.world),Yes,Yes,Yes,Yes,Yes,147,91,0,98%,12,0.19.3
[Lemdro.id](https://lemdro.id),Yes,No,Yes,Yes,Yes,122,0,0,99%,12,0.19.3
[awful.systems](https://awful.systems),Yes,No,Yes,Yes,Yes,112,17,0,100%,11,0.19.3
[szmer](https://szmer.info),Yes,Yes,Yes,Yes,Yes,110,3,0,99%,40,0.19.3
[Discuss Online](https://discuss.online),Yes,Yes,Yes,Yes,Yes,105,9,0,100%,13,0.19.3
[Yiffit.net](https://yiffit.net),Yes,No,Yes,Yes,Yes,60,0,5,100%,13,0.19.2
[Feddit.cl](https://feddit.cl),Yes,Yes,Yes,No,Yes,43,1,0,99%,13,0.19.3
[Neo Mujico](https://mujico.org),Yes,No,No,Yes,Yes,33,0,11,99%,22,0.19.2
[Aggregatet](https://aggregatet.org),Yes,Yes,Yes,Yes,Yes,33,0,0,98%,3,0.19.3
[KDE Social](https://lemmy.kde.social),Yes,No,Yes,No,Yes,32,0,0,99%,12,0.19.3
[rqd2.net](https://rqd2.net),Yes,Yes,Yes,Yes,Yes,31,1,24,99%,10,0.19.0
[lemmus.org](https://lemmus.org),Yes,No,Yes,Yes,Yes,30,3,0,100%,12,0.19.3
[monyet.cc](https://monyet.cc),Yes,Yes,Yes,Yes,Yes,27,1,0,100%,12,0.19.3
[dormi.zone](https://dormi.zone),Yes,No,Yes,No,No,19,107,0,100%,13,0.19.3
[The Possum Patio](https://possumpat.io),Yes,No,Yes,Yes,Yes,16,4,0,100%,13,0.19.2
[lemmy.studio](https://lemmy.studio),Yes,Yes,Yes,Yes,Yes,15,3,0,??,??,0.19.3
[Lemmy.Radio](https://lemmy.radio),Yes,Yes,Yes,Yes,Yes,15,4,0,99%,13,0.19.3
[Frozen Lemmy](https://lemmy.frozeninferno.xyz),Yes,Yes,Yes,Yes,Yes,14,48,0,100%,13,0.19.3
[eviltoast](https://eviltoast.org),Yes,Yes,Yes,Yes,Yes,13,1,1,99%,13,0.19.3
[Garuda's Lemmy](https://lemmy.garudalinux.org),Yes,Yes,Yes,Yes,Yes,12,1,0,100%,11,0.19.3
[Fanaticus](https://fanaticus.social),Yes,Yes,Yes,Yes,Yes,11,1,0,100%,12,0.19.3
[Autism Place](https://lemmy.autism.place),Yes,Yes,Yes,Yes,Yes,11,89,0,100%,1,0.19.3
[DRSGME/WhyDRS Lemmy](https://lemmy.whynotdrs.org),Yes,Yes,Yes,Yes,Yes,10,0,0,95%,13,0.19.3
[DubVee](https://dubvee.org),Yes,Yes,Yes,Yes,Yes,7,580,0,93%,13,0.19.3
[CLTV](https://lemmy.ur.mk),Yes,No,No,Yes,Yes,7,0,0,??,??,0.18.5
[Ayom Fórum](https://forum.ayom.media),Yes,No,No,Yes,Yes,7,0,0,99%,6,0.19.1
[Feddit.ro](https://feddit.ro),Yes,No,Yes,No,Yes,6,124,0,97%,13,0.19.3
[SS14 Lemmy](https://lemmy.spacestation14.com),Yes,Yes,Yes,Yes,Yes,5,25,0,??,??,0.19.1
[Derpzilla](https://derpzilla.net),Yes,Yes,Yes,No,Yes,5,0,0,99%,12,0.19.3
[lemux](https://lemux.minnix.dev),Yes,Yes,Yes,Yes,Yes,5,0,0,96%,12,0.19.3
[Preserve Games](https://preserve.games),Yes,No,Yes,Yes,Yes,5,0,0,88%,12,0.19.3
[fedit.pl](https://fedit.pl),Yes,No,No,Yes,Yes,4,0,0,99%,5,0.19.3
[BlendIT - BSD Cafe](https://blendit.bsd.cafe),Yes,No,Yes,Yes,Yes,4,0,0,100%,8,0.19.3
[Lemmy for LUS](https://lemmy.linuxuserspace.show),Yes,No,Yes,Yes,Yes,4,0,0,100%,13,0.18.5
[BROWNTOWN](https://lemmy.browntown.dev),Yes,Yes,Yes,Yes,Yes,3,0,0,??,??,0.19.2
[ZeroBytes](https://zerobytes.monster),Yes,Yes,Yes,Yes,Yes,3,0,4,??,??,0.19.3
[九尾論壇](https://bbs.9tail.net),Yes,Yes,Yes,Yes,Yes,3,1,4,98%,20,0.19.3
[Baraza](https://baraza.africa),Yes,Yes,No,Yes,Yes,3,0,0,98%,43,0.19.3
[Comfy Snugs](https://lemmy.comfysnug.space),Yes,Yes,Yes,Yes,Yes,3,22,6,99%,13,0.19.3
[Lemmy.fosshost.com](https://lemmy.fosshost.com),Yes,Yes,Yes,Yes,Yes,3,0,0,100%,12,0.19.3
[foros.fediverso.gal](https://foros.fediverso.gal),Yes,No,Yes,No,Yes,3,0,0,96%,19,0.19.3
[Tech pr0n](https://tech.pr0n.pl),Yes,Yes,Yes,Yes,Yes,3,0,0,100%,1,0.19.3
[r/sauna](https://r-sauna.fi),Yes,No,Yes,Yes,Yes,3,0,3,96%,12,0.19.1
[1337lemmy](https://1337lemmy.com),Yes,Yes,Yes,Yes,Yes,2,0,0,100%,12,0.19.3
[lemmy.billiam.net](https://lemmy.billiam.net),Yes,Yes,Yes,Yes,Yes,2,1,0,98%,12,0.19.3
[lemmy.az.social](https://lemmy.az.social),Yes,No,Yes,Yes,Yes,2,0,0,??,??,0.19.3
[Lemmy tell you...](https://lemmy.tellyou.social),Yes,Yes,Yes,No,No,2,0,0,98%,3,0.19.3
[Lebowski.Social](https://lebowski.social),Yes,No,Yes,Yes,Yes,2,111,0,100%,11,0.19.3
[femboys.bar](https://femboys.bar),Yes,Yes,Yes,Yes,Yes,2,1,1,??,??,0.19.3
[lemmy.imagisphe.re](https://lemmy.imagisphe.re),Yes,Yes,Yes,Yes,Yes,2,0,0,100%,10,0.19.3
[Champserver](https://champserver.net),Yes,Yes,Yes,Yes,Yes,2,0,0,99%,13,0.19.3
[SFFA](https://sffa.community),Yes,No,Yes,Yes,Yes,2,3,3,97%,13,0.19.3
[OrcasEnjoyingYachts](https://orcas.enjoying.yachts),Yes,No,Yes,No,Yes,2,1,0,100%,12,0.19.3
[Civilloquy](https://civilloquy.com),Yes,No,No,No,Yes,2,7,2,99%,13,0.19.3
[Kutsuya.dev](https://kutsuya.dev),Yes,No,Yes,Yes,Yes,2,0,0,98%,12,0.19.3
[TheNewGaming](https://lemmy.thenewgaming.de),Yes,Yes,Yes,Yes,Yes,2,0,0,99%,9,0.19.3
[Corndog.social](https://corndog.social),Yes,No,Yes,Yes,Yes,2,0,0,99%,11,0.19.3
[Linkage @ DS8](https://linkage.ds8.zone),Yes,Yes,Yes,Yes,Yes,2,0,0,99%,19,0.19.3
[l.deltaa.xyz](https://l.deltaa.xyz),Yes,Yes,Yes,Yes,Yes,2,0,0,99%,5,0.19.3
[Beru Co.ddit](https://lemmy.beru.co),Yes,Yes,Yes,Yes,Yes,2,1,0,99%,13,0.19.3
[Starbase 80 Lemmy](https://lemmy.starbase80.dev),Yes,No,Yes,Yes,Yes,1,0,0,??,??,0.19.3
[lemmy.glasgow.social](https://lemmy.glasgow.social),Yes,Yes,No,Yes,Yes,1,0,1,90%,42,0.19.3
[Potatoe](https://lemmy.potatoe.ca),Yes,Yes,Yes,No,Yes,1,13,0,97%,12,0.19.1
[Usenet](https://usenet.lol),Yes,Yes,Yes,Yes,Yes,1,0,0,??,??,0.19.3
[0xDD](https://0xdd.org.ru),Yes,No,Yes,No,Yes,1,0,0,100%,21,0.19.3
[8th World](https://lemmy.8th.world),Yes,Yes,Yes,Yes,Yes,1,0,0,100%,11,0.19.1
[info.prou.be](https://info.prou.be),Yes,Yes,Yes,Yes,Yes,1,0,0,98%,29,0.18.5
[Lemmy](https://lemmy.sysctl.io),Yes,No,Yes,Yes,Yes,1,6,0,??,??,0.19.3
[mimiclem.me](https://mimiclem.me),Yes,No,Yes,Yes,Yes,1,1,0,96%,12,0.19.3
[Lemmy.institute](https://lemmy.institute),Yes,No,Yes,Yes,Yes,1,3,0,100%,11,0.19.3
[Y3K Tech](https://ythreektech.com),Yes,No,Yes,No,Yes,1,2,0,93%,11,0.19.3
[ConorAB](https://lemmy.conorab.com),Yes,Yes,Yes,Yes,Yes,1,0,0,98%,11,0.19.3
[Lemmo](https://lem.nimmog.uk),Yes,No,Yes,Yes,Yes,1,0,0,99%,12,0.19.3
[Lemmy sabross](https://lem.sabross.xyz),Yes,Yes,Yes,Yes,Yes,1,2,0,100%,1,0.19.3
[Emphisia](https://lemmy.emphisia.nl),Yes,Yes,Yes,Yes,Yes,1,0,0,78%,11,0.19.3
[Silver's Home](https://lemmy.brendan.ie),Yes,No,Yes,Yes,Yes,1,0,0,??,??,0.19.3
[Lemmy@Moonling.nl](https://lemmy.moonling.nl),Yes,No,Yes,Yes,Yes,1,4,0,99%,12,0.19.3
[ShinyLemmy](https://lemmy.shiny-task.com),Yes,No,Yes,Yes,Yes,1,0,0,100%,12,0.19.3
[lemmy.yachts](https://lemmy.yachts),Yes,Yes,No,Yes,Yes,1,0,0,100%,11,0.19.3
[pztrn's Bin](https://bin.pztrn.name),Yes,No,Yes,Yes,Yes,1,0,0,??,??,0.19.3
[CyberPaws](https://cyberpaws.lol),Yes,No,Yes,Yes,Yes,1,0,0,100%,6,0.18.5
[Johannes!](https://lemmy.jhjacobs.nl),Yes,No,Yes,Yes,Yes,1,0,0,85%,11,0.19.3
[fedii.me](https://fedii.me),Yes,No,Yes,Yes,Yes,1,0,0,100%,12,0.19.3
[IG Jalapeno Empire](https://lemmy.igje.social),Yes,Yes,Yes,Yes,Yes,1,1,0,99%,0,0.19.3
[rochegmr](https://lemmy.rochegmr.com),Yes,Yes,Yes,Yes,Yes,1,0,0,100%,2,0.19.3
[lemmy](https://lemmy.doesnotexist.club),Yes,Yes,Yes,Yes,Yes,1,0,0,??,??,0.19.3
[Wavy](https://lemmy.vegan.dev),Yes,Yes,Yes,Yes,Yes,1,0,0,??,??,0.19.3
[rocketsfall](https://social.rocketsfall.net),Yes,No,Yes,Yes,Yes,1,4,0,??,??,0.19.3
[Eldritch Mlems](https://mlem.eldritch.gift),Yes,No,Yes,Yes,Yes,1,10,0,99%,7,0.19.3
[Tespia](https://lemmy.tespia.org),Yes,Yes,Yes,Yes,Yes,1,2,0,87%,12,0.19.0
[fuck.markets](https://fuck.markets),Yes,Yes,Yes,Yes,Yes,1,0,0,95%,6,0.19.0
[M'enfin!](https://lemmy.menf.in),Yes,No,Yes,Yes,Yes,1,0,0,100%,12,0.19.3
[lemmy by Z31TUNG](https://lemmy.davidfreina.at),Yes,No,Yes,Yes,Yes,1,0,0,98%,12,0.19.2
[Lemmy](https://lemmy.korz.dev),Yes,Yes,Yes,Yes,Yes,1,0,0,??,??,0.19.3
[Personal Lemmy](https://lemmy.100010101.xyz),Yes,Yes,Yes,Yes,Yes,1,1,0,100%,11,0.19.3
[s.jape.work](https://s.jape.work),Yes,Yes,Yes,Yes,Yes,1,2,0,100%,13,0.19.3
[lsmu](https://lsmu.schmurian.xyz),Yes,Yes,Yes,Yes,Yes,1,0,0,??,??,0.19.3
[YuruLemmy](https://lemmy.funami.tech),Yes,Yes,Yes,Yes,Yes,1,146,1,100%,12,0.19.3
[Lemmy - RazBot](https://lemmy.razbot.xyz),Yes,Yes,Yes,Yes,Yes,1,10,0,100%,10,0.19.3
[jjb.cat](https://jjb.cat),Yes,Yes,Yes,Yes,Yes,1,0,0,??,??,0.19.3
[social.dn42.us](https://social.dn42.us),Yes,No,Yes,Yes,Yes,1,0,0,??,??,0.19.3
[Lemmy@em](https://lemmy.installation00.org),Yes,Yes,Yes,Yes,Yes,1,0,0,??,??,0.19.3
[lemmy.dexlit](https://lemmy.dexlit.xyz),Yes,No,Yes,Yes,Yes,1,0,0,93%,11,0.19.3
[the lemmy.monster](https://lemmy.monster),Yes,No,Yes,Yes,Yes,1,11,0,97%,12,0.19.3
[Leftopia](https://leftopia.org),Yes,Yes,Yes,Yes,Yes,1,0,0,99%,2,0.19.3
[Lemmy!](https://lemmy.chiisana.net),Yes,No,Yes,Yes,Yes,1,1,0,100%,12,0.19.3
[Åhall](https://lemmy.ahall.se),Yes,No,Yes,Yes,Yes,1,0,0,98%,12,0.19.3
[Stad Social](https://lemmy.stad.social),Yes,Yes,Yes,Yes,Yes,1,1,0,??,??,0.18.5
[My Lemmy Instance](https://lemmy.noellesporn.de),Yes,Yes,Yes,Yes,Yes,1,1,0,??,??,0.19.3
[Urbanhost](https://lemmy.urbanhost.top),Yes,Yes,Yes,Yes,Yes,1,0,0,99%,11,0.19.3
[h4x0r.host](https://h4x0r.host),Yes,No,Yes,Yes,Yes,1,0,0,??,??,0.18.5
[Poeng.link](https://poeng.link),Yes,Yes,Yes,Yes,No,1,0,0,100%,1,0.19.3
[A Federation](https://lem.cochrun.xyz),Yes,Yes,Yes,Yes,Yes,1,0,0,99%,12,0.19.3
[PIT.NINJA](https://lemmy.pit.ninja),Yes,Yes,Yes,Yes,Yes,1,0,0,??,??,0.19.3
[lemmyland](https://lemmyland.com),Yes,No,Yes,Yes,Yes,1,4,0,100%,13,0.19.3
[lemmy.tr00st.co.uk](https://lemmy.tr00st.co.uk),Yes,Yes,Yes,Yes,Yes,1,0,0,100%,13,0.19.3
[Wooskey Lemmy](https://lemmy.thewooskeys.com),Yes,Yes,Yes,Yes,Yes,1,0,0,92%,1,0.19.3
[Kulupu](https://kulupu.duckdns.org),Yes,Yes,Yes,Yes,Yes,1,0,0,99%,12,0.19.3
[Campfyre](https://campfyre.nickwebster.dev),Yes,Yes,Yes,Yes,Yes,1,12,0,100%,12,0.19.3
[Fornaxian Tech](https://lemmy.fornaxian.tech),Yes,No,Yes,No,Yes,1,0,0,100%,12,0.19.3
[masto.community](https://lemmy.masto.community),Yes,Yes,Yes,Yes,Yes,1,0,0,100%,12,0.19.3
[Jamesj999 Lemmy](https://lemmy.jamesj999.co.uk),Yes,No,Yes,Yes,Yes,1,0,0,99%,12,0.19.3
[okr765](https://lemmy.okr765.com),Yes,Yes,Yes,Yes,Yes,1,0,0,100%,3,0.19.3
[lemmy.mlaga97.space](https://lemmy.mlaga97.space),Yes,Yes,Yes,Yes,Yes,1,0,0,94%,12,0.19.1
[lemmy.skoops.social](https://lemmy.skoops.social),Yes,Yes,Yes,Yes,Yes,1,0,0,98%,10,0.19.3
[Jaypg](https://lemmy.jaypg.pw),Yes,Yes,Yes,Yes,Yes,1,0,0,96%,9,0.19.3
[LEMMYFI](https://lemmyfi.com),Yes,Yes,Yes,Yes,Yes,1,0,0,100%,13,0.18.5
[K-Money's Lemmy](https://lemmy.kmoneyserver.com),Yes,No,Yes,Yes,Yes,1,0,0,98%,12,0.19.3
[Johnnei's World](https://lemmy.johnnei.org),Yes,No,Yes,Yes,Yes,1,2,0,99%,12,0.19.3
[federate.cc](https://lemmy.federate.cc),Yes,Yes,Yes,No,Yes,1,46,0,96%,12,0.19.3
[Soccer Forum](https://soccer.forum),Yes,No,Yes,No,Yes,1,0,0,100%,12,0.19.3
[CringeCollective](https://lemmy.cringecollective.io),Yes,Yes,Yes,Yes,Yes,1,0,0,100%,0,0.19.3
[Under the Jacaranda](https://lemmy.jacaranda.club),Yes,Yes,Yes,Yes,Yes,1,0,0,99%,12,0.19.0
[Petecca Lemmy](https://lemmy.petecca.com),Yes,Yes,Yes,Yes,Yes,1,0,0,??,??,0.19.3
[FederateLOL](https://lemmy.federate.lol),Yes,No,Yes,Yes,Yes,1,1,0,??,??,0.19.3
[Free as...](https://lem.free.as),Yes,Yes,Yes,Yes,Yes,1,0,0,100%,13,0.19.3
[   ](https://links.rocks),Yes,Yes,Yes,Yes,Yes,1,1,0,??,??,0.19.3
[Jnks Lemmy](https://lemmy.jnks.xyz),Yes,No,Yes,Yes,Yes,1,0,0,96%,12,0.19.3
[Tacobu.de](https://tacobu.de),Yes,Yes,Yes,Yes,Yes,1,0,0,100%,10,0.19.3
[lemmy.amxl.com](https://lemmy.amxl.com),Yes,No,Yes,Yes,Yes,1,98,0,99%,12,0.19.3
[HQueue](https://lemmy.hqueue.dev),Yes,Yes,Yes,Yes,Yes,1,0,0,88%,12,0.19.2
[Boba Milk Tea](https://t.bobamilktea.xyz),Yes,No,Yes,Yes,Yes,1,119,0,100%,12,0.19.3
[prograhamming](https://lemmy.prograhamming.com),Yes,No,Yes,No,Yes,1,3,0,100%,11,0.18.5
[Mods4Ever](https://lemmy.mods4ever.com),Yes,No,Yes,Yes,Yes,1,0,0,100%,12,0.19.3
[Lemmit](https://lemmit.online),Yes,No,Yes,Yes,Yes,1,14,6,97%,12,0.18.5
[Leuker Lemmy](https://lemy.leuker.me),Yes,No,Yes,Yes,Yes,1,0,0,??,??,0.19.3
[SSBA](https://lemmy.ssba.com),Yes,No,Yes,No,Yes,1,0,0,96%,12,0.19.3
[Diagon Lemmy](https://diagonlemmy.social),Yes,No,No,No,Yes,1,130,1,100%,5,0.19.3
[ActuallyRuben](https://actuallyruben.nl),Yes,Yes,Yes,Yes,Yes,1,0,5,100%,13,0.19.1
[Foxden Party](https://lemmy.foxden.party),Yes,Yes,Yes,Yes,Yes,1,3,0,99%,12,0.19.3
[FWGX Lemmy](https://lemmy.fwgx.uk),Yes,No,Yes,Yes,Yes,1,0,0,99%,12,0.19.3
[Lemmieres](https://lemmy.sotu.casa),Yes,Yes,Yes,Yes,Yes,1,0,0,93%,10,0.18.5
[正在发声](https://fasheng.ing),Yes,Yes,No,Yes,Yes,1,0,0,??,??,0.19.3
[Tomaz's Lemmy](https://lemmy.tomaz.me),Yes,No,Yes,Yes,Yes,1,0,0,??,??,0.19.3
[Lemmy](https://acqrs.co.uk),Yes,Yes,Yes,Yes,Yes,1,0,0,100%,12,0.19.3
[borgchat](https://borg.chat),Yes,Yes,Yes,Yes,Yes,1,2,0,99%,12,0.19.3
[lemmy.bezzie.world](https://lemmy.bezzie.world),Yes,Yes,Yes,Yes,Yes,1,0,0,92%,12,0.19.3
[Kikuri.moe Lemmy](https://lemmy.kikuri.moe),Yes,Yes,Yes,Yes,Yes,1,0,0,99%,3,0.18.5
[lemmy.pierre-couy.fr](https://lemmy.pierre-couy.fr),Yes,Yes,Yes,Yes,Yes,1,0,0,100%,12,0.19.2
[Simpl Lemmy](https://lemmy.simpl.website),Yes,No,Yes,Yes,Yes,1,0,0,100%,13,0.19.3
[Lemmy.run Fediverse](https://lemmy.run),Yes,Yes,Yes,Yes,Yes,1,0,0,99%,12,0.19.3
[lemmy.co.nz](https://lemmy.co.nz),Yes,Yes,Yes,Yes,Yes,1,0,0,100%,11,0.19.3
[halubilo.social](https://halubilo.social),Yes,Yes,Yes,Yes,Yes,1,1,0,99%,12,0.19.3
[lemmy.menos](https://lemmy.menos.gotdns.org),Yes,Yes,Yes,Yes,Yes,1,0,0,??,??,0.19.3
[Lemmy](https://lemmy.caliban.io),Yes,No,Yes,Yes,Yes,1,0,0,100%,1,0.19.3
[hacktheplanet.be](https://lemmy.hacktheplanet.be),Yes,Yes,Yes,Yes,Yes,1,0,0,99%,12,0.19.3
[Level Up!](https://level-up.zone),Yes,No,Yes,No,No,1,0,0,89%,4,0.19.3
[Lemmy](https://lemmy.works),Yes,Yes,Yes,Yes,Yes,1,0,0,100%,12,0.19.3
[/dev/sw0](https://l.sw0.com),Yes,Yes,Yes,Yes,Yes,1,0,0,100%,12,0.19.1
[TelaLemmy](https://lemmy.telaax.com),Yes,Yes,Yes,Yes,Yes,1,0,0,99%,12,0.19.3
[Tim's Lemmy](https://lemmy.timwaterhouse.com),Yes,No,Yes,No,Yes,1,1,0,??,??,0.19.3
[lemmy.onlylans.io](https://lemmy.onlylans.io),Yes,Yes,Yes,Yes,Yes,1,2,0,100%,12,0.19.2
[lemmy.mkwarman.com](https://lemmy.mkwarman.com),Yes,No,Yes,Yes,Yes,1,0,0,96%,11,0.19.0
[86thumbs](https://lemmy.86thumbs.net),Yes,No,Yes,Yes,Yes,1,1,0,99%,12,0.19.2
[nowsci](https://lemmy.nowsci.com),Yes,Yes,Yes,Yes,Yes,1,172,0,99%,12,0.19.3
[KMS Lemmy](https://lemmy.kms.onl),Yes,No,Yes,Yes,Yes,0,0,0,94%,11,0.19.3
[The Cool Lemmy](https://seriously.iamincredibly.gay),Yes,Yes,Yes,Yes,Yes,0,0,0,96%,12,0.18.5
[AzamServer](https://lemmy.azamserver.com),Yes,No,Yes,Yes,Yes,0,0,0,93%,12,0.19.3
[ShowEQ Lemmy](https://showeq.com),Yes,Yes,Yes,Yes,Yes,0,0,0,98%,12,0.18.5
[Lemmy](https://lemmy.laitinlok.com),Yes,Yes,Yes,Yes,Yes,0,1,0,98%,7,0.18.5
[Lemmy](https://discuss.icewind.me),Yes,Yes,Yes,Yes,Yes,0,0,0,100%,12,0.19.3
[AbsoluteSix](https://lemmy.absolutesix.com),Yes,No,Yes,Yes,Yes,0,0,0,100%,12,0.19.3
[selfhosted](https://selfhosted.forum),Yes,No,Yes,No,Yes,0,0,0,100%,12,0.19.3
[Lemmy](https://lemmy.remorse.us),Yes,Yes,Yes,Yes,Yes,0,0,0,74%,7,0.18.5
[Scam-Lemmy.me](https://lemmy.scam-mail.me),Yes,Yes,Yes,Yes,Yes,0,0,0,100%,12,0.19.3
[mebitek](https://lemmy.mebitek.com),Yes,No,Yes,Yes,Yes,0,0,0,88%,3,0.19.3
[Lemmy](https://social2.williamyam.com),Yes,Yes,Yes,Yes,Yes,0,0,0,??,??,0.19.3
[Azgil](https://azgil.net),Yes,Yes,Yes,Yes,Yes,0,0,0,100%,11,0.19.3
[social.sour.is](https://social.sour.is),Yes,No,Yes,Yes,Yes,0,0,0,??,??,0.19.3
[schoenwolf-schroeder](https://lemmy.schoenwolf-schroeder.com),Yes,Yes,Yes,Yes,Yes,0,0,0,99%,12,0.19.3
[Bridgetown Community](https://community.bridgetown.pub),Yes,No,Yes,No,No,0,0,0,??,??,0.19.2
[Viewfinder Pro](https://viewfinder.pro),Yes,No,Yes,No,Yes,0,0,0,100%,7,0.19.3
[SFW Network](https://sfw.community),Yes,No,Yes,No,Yes,0,0,0,??,??,0.19.3
[lemmy.cnschn.com](https://lemmy.cnschn.com),Yes,Yes,Yes,Yes,Yes,0,0,0,99%,12,0.18.5
[Kitsune's Lemmy](https://l.akitsune.dev),Yes,No,Yes,Yes,Yes,0,0,0,??,??,0.19.3
[Coffee Beanz](https://lemmy.coffee-beanz.com),Yes,Yes,No,Yes,No,0,2,0,96%,10,0.19.3
[Hardware Watch](https://hardware.watch),Yes,No,Yes,No,Yes,0,0,0,99%,8,0.19.3
[Emerald Show](https://lemmy.emerald.show),Yes,No,Yes,Yes,Yes,0,0,0,??,??,0.19.4-beta.6
[weme](https://le.weme.wtf),Yes,Yes,Yes,Yes,Yes,0,0,0,??,??,0.19.3
[Sya's Lemmy](https://lemmy.syrasu.com),Yes,No,Yes,Yes,Yes,0,0,0,94%,12,0.19.1
[unreachable.cloud](https://unreachable.cloud),Yes,Yes,Yes,Yes,Yes,0,0,0,??,??,0.19.3
[Coffee And Fandom](https://community.ivedonestranger.xyz),Yes,Yes,No,Yes,Yes,0,0,0,100%,4,0.19.3
[lemmy.wentam.net](https://lemmy.wentam.net),Yes,Yes,Yes,Yes,Yes,0,0,0,98%,6,0.19.3
[lemmiys](https://lemmy.iys.io),Yes,Yes,Yes,Yes,Yes,0,2,0,100%,12,0.19.3
[Sarcastic Developer](https://lemmy.sarcasticdeveloper.com),Yes,No,Yes,Yes,Yes,0,0,0,93%,12,0.19.3
[ME Lemmy](https://lemmy.elashri.eu.org),Yes,No,Yes,No,Yes,0,3,0,??,??,0.19.1
[minigubben's lemmy](https://lemmy.minigubben.se),Yes,No,Yes,Yes,Yes,0,0,0,98%,12,0.19.3
[NFL](https://nfl.community),Yes,Yes,Yes,No,Yes,0,0,0,94%,7,0.19.3
[Baron Lemmy Group](https://lemmy.calvss.com),Yes,No,Yes,Yes,Yes,0,0,0,93%,13,0.19.0
[Bigma](https://lemmy.bigsecretwebsite.net),Yes,No,Yes,Yes,Yes,0,0,0,??,??,0.18.5
[lemmy.kfed.org](https://lemmy.kfed.org),Yes,No,Yes,Yes,Yes,0,0,0,??,??,0.19.4-beta.7
[Lemmy.Okla.Social](https://lemmy.okla.social),Yes,Yes,Yes,Yes,Yes,0,0,0,91%,11,0.19.3
[博物谈](https://forum.penclub.club),Yes,Yes,Yes,Yes,Yes,0,0,0,94%,8,0.19.3
[lemmy.sweeney.social](https://lemmy.sweeney.social),Yes,No,Yes,Yes,Yes,0,0,0,??,??,0.18.5
[theculture.social](https://theculture.social),Yes,No,Yes,Yes,No,0,1,0,??,??,0.19.3
[Piero Bosio Social](https://lemmy.bosio.info),Yes,No,Yes,Yes,Yes,0,0,0,87%,9,0.19.3
[Anime Café](https://cafe.rafled.com),Yes,Yes,Yes,Yes,Yes,0,0,0,??,??,0.19.3
[MetaCritics](https://metacritics.zone),Yes,No,Yes,No,Yes,0,0,0,88%,4,0.19.3
[l.60228.dev](https://l.60228.dev),Yes,Yes,Yes,Yes,Yes,0,0,0,100%,12,0.19.3
[OldTruk](https://lemmy.oldtr.uk),Yes,Yes,Yes,Yes,Yes,0,0,0,99%,12,0.19.3
[New Site](https://lemmy.meatballwizard.com),Yes,No,Yes,Yes,Yes,0,1,0,85%,12,0.19.3
[dev.lemmy.world](https://dev.lemmy.world),Yes,Yes,No,Yes,Yes,0,0,0,??,??,0.19.3-4-gf13026779
[lemmy.snoot.tube](https://lemmy.snoot.tube),Yes,Yes,Yes,Yes,No,0,0,0,??,??,0.18.5
[sammich.es](https://sammich.es),Yes,Yes,Yes,Yes,Yes,0,0,0,100%,11,0.19.3
[Switter.su](https://switter.su),Yes,Yes,Yes,Yes,Yes,0,0,1,??,??,0.19.3
[Cogindo](https://lemmy.cogindo.net),Yes,Yes,Yes,Yes,Yes,0,0,0,100%,12,0.18.5
[w9r.de](https://lemmy.w9r.de),Yes,No,Yes,Yes,Yes,0,0,0,100%,12,0.19.0-rc.13
[Power User ](https://poweruser.forum),Yes,Yes,Yes,No,Yes,0,0,0,100%,8,0.19.3
[style.land](https://style.land),Yes,Yes,Yes,No,Yes,0,0,0,??,??,0.19.3
[Lemmy Killtime](https://lemmy.killtime.online),Yes,No,Yes,Yes,Yes,0,0,0,100%,11,0.19.3
[Academy Garden](https://academy.garden),Yes,No,Yes,No,Yes,0,0,0,??,??,0.19.3
[lemmy.nope.ly](https://lemmy.nope.ly),Yes,No,Yes,Yes,Yes,0,0,0,99%,12,0.18.5
[NBA](https://nba.space),Yes,No,Yes,No,Yes,0,0,0,??,??,0.19.3
[Matchpoint Zone](https://matchpoint.zone),Yes,Yes,Yes,No,Yes,0,0,0,??,??,0.19.3
[Lemmy  Tech Haven](https://lemmy.techhaven.io),Yes,No,Yes,Yes,Yes,0,1,0,88%,12,0.19.3
[Lemmy.graphics](https://lemmy.graphics),Yes,No,Yes,Yes,Yes,0,0,0,98%,12,0.19.3
[lemmy.thesanewriter](https://lemmy.thesanewriter.com),Yes,Yes,Yes,Yes,Yes,0,2,0,98%,12,0.19.3
[Indie Hackers](https://indiehackers.space),Yes,Yes,Yes,No,Yes,0,0,0,??,??,0.19.3
[crocworld lemmy](https://lemmy.croc.pw),Yes,No,Yes,Yes,Yes,0,0,0,100%,12,0.18.5
[antisocial.ly](https://lemmy.antisocial.ly),Yes,Yes,Yes,Yes,Yes,0,39,0,95%,13,0.19.3
[New Site](https://lemmy.linden.social),Yes,Yes,Yes,Yes,Yes,0,0,0,99%,12,0.19.3
[Lemmy JGHolistic](https://lemmy.jgholistic.com),Yes,Yes,Yes,Yes,Yes,0,0,0,98%,12,0.18.5
[Lemmy.DooMeeR](https://lemmy.doomeer.com),Yes,Yes,Yes,Yes,Yes,0,0,0,100%,12,0.19.3
[GSK](https://lm.gsk.moe),Yes,Yes,Yes,Yes,Yes,0,0,0,??,??,0.19.3
[kuuhana](https://kuu.kohana.fi),Yes,No,Yes,Yes,Yes,0,0,0,100%,12,0.19.3
[Berlin Hackers Unite](https://lemmy.chaos.berlin),Yes,Yes,Yes,Yes,Yes,0,0,0,99%,8,0.19.3
[lemmy.sieprawski.pl](https://lemmy.sieprawski.pl),Yes,No,Yes,Yes,Yes,0,0,0,98%,7,0.18.5
[lemgoku](https://lemmy.jigoku.us.to),Yes,Yes,Yes,Yes,Yes,0,0,0,??,??,0.19.2
[My Lemmy](https://lemmy.dropdoos.nl),Yes,No,No,Yes,Yes,0,0,0,93%,11,0.19.3
[LemmyLocal](https://lemmy.packitsolutions.net),Yes,Yes,Yes,Yes,Yes,0,0,0,96%,11,0.18.5
[Lavender](https://l.ltgc.cc),Yes,No,Yes,Yes,Yes,0,13,0,100%,7,0.18.5
[ch3n2k的中文Lemmy站](https://lemmy.ch3n2k.com),Yes,No,No,No,Yes,0,0,0,99%,12,0.19.3
[Hobbit World](https://hobbit.world),Yes,No,Yes,Yes,Yes,0,0,0,100%,12,0.19.3
[Despotism](https://lemmy.despotes.nl),Yes,No,Yes,Yes,Yes,0,0,0,??,??,0.19.3
[My Lemny](https://lemmy.zwanenburg.info),Yes,Yes,Yes,Yes,Yes,0,0,0,100%,12,0.19.3
[Lemmy](https://lemmy.bothhands.ca),Yes,Yes,Yes,Yes,Yes,0,0,0,100%,12,0.18.5
[Lemmy Balamb](https://lemmy.balamb.fr),Yes,Yes,Yes,No,No,0,0,0,98%,5,0.19.4-beta.6
[Ten Forward](https://lemmy-api.ten4ward.social),Yes,Yes,Yes,Yes,Yes,0,0,0,96%,10,0.19.3
[Fry](https://fry.gs),Yes,No,Yes,No,Yes,0,0,0,98%,11,0.18.5
[Possum City](https://lm.possum.city),Yes,Yes,Yes,Yes,Yes,0,0,0,97%,7,0.19.3
[VA-11 Hall-A Bar](https://va11halla.bar),Yes,Yes,Yes,Yes,No,0,1,1,??,??,0.19.1
[High Fidelity](https://hi-fi.community),Yes,Yes,Yes,No,Yes,0,0,0,??,??,0.19.3
[Dr. Lemmy](https://drlemmy.net),Yes,Yes,Yes,Yes,Yes,0,0,0,96%,12,0.19.3
[FluffybsLemmy](https://lemmy.fluffyb.net),Yes,Yes,Yes,Yes,Yes,0,0,0,78%,12,0.18.5
[Nannoda Lemmy](https://lemmy.nannoda.com),Yes,No,No,Yes,Yes,0,0,0,??,??,0.19.3
[Lemmy on Kubernetes](https://lemmy.baie.me),Yes,Yes,Yes,Yes,Yes,0,0,0,96%,5,0.19.3
[Hunter Jozwiak's Lem](https://lemmy.hunterjozwiak.com),Yes,No,Yes,Yes,Yes,0,0,0,??,??,0.19.3
[Minecloud Lemmy](https://lemmy.minecloud.ro),Yes,Yes,Yes,Yes,Yes,0,0,0,98%,12,0.19.3
[Expats Zone](https://expats.zone),Yes,No,Yes,Yes,Yes,0,0,0,??,??,0.19.3
[The Health Community](https://healthy.community),Yes,Yes,Yes,No,Yes,0,0,0,??,??,0.19.3
[Lemmy.Website](https://lemmy.website),Yes,Yes,No,Yes,Yes,0,0,1,??,??,0.19.3
[Netheads Online](https://netheads.online),Yes,Yes,Yes,No,Yes,0,0,0,??,??,0.19.3
[Helvetet](https://lemmy.helvetet.eu),Yes,No,Yes,No,Yes,0,1,0,??,??,0.19.4-beta.7
[soc.ebmn.io](https://soc.ebmn.io),Yes,No,Yes,Yes,Yes,0,0,0,91%,12,0.19.3
[MetaPowers](https://metapowers.org),Yes,Yes,Yes,Yes,Yes,0,0,0,99%,12,0.19.0
[The Silver Tower](https://lemmy.thesilvertower.social),Yes,Yes,Yes,Yes,Yes,0,0,0,??,??,0.18.5
[Bulwark of Boredom](https://lemmy.bulwarkob.com),Yes,Yes,Yes,Yes,Yes,0,0,0,??,??,0.19.1
[slc.dev](https://slc.dev),Yes,No,Yes,Yes,Yes,0,0,0,??,??,0.19.3
[New Site](https://forum.nihilum.space),Yes,Yes,Yes,Yes,Yes,0,0,0,??,??,0.19.3
[lemmy.schuerz.at](https://lemmy.schuerz.at),Yes,No,Yes,Yes,Yes,0,0,0,98%,40,0.19.3
[lemmy.igl.ooo](https://lemmy.igl.ooo),Yes,Yes,Yes,Yes,Yes,0,0,0,99%,12,0.18.5
[Lemmy Coupou.fr](https://lemmy.coupou.fr),Yes,Yes,Yes,Yes,Yes,0,0,0,99%,32,0.19.3
[Hoi Hoi Hoi Superboi](https://hoihoi.superboi.eu.org),Yes,No,Yes,Yes,Yes,0,0,0,100%,12,0.19.3
[lemmy.8bitar.io](https://lemmy.8bitar.io),Yes,No,Yes,No,Yes,0,0,0,??,??,0.18.5
[Gearhead Town](https://gearhead.town),Yes,Yes,Yes,No,Yes,0,0,0,100%,8,0.19.3
[Lan Tian @ Lemmy](https://lemmy.lantian.pub),Yes,Yes,Yes,Yes,Yes,0,1,0,100%,12,0.19.3
[Lemmy](https://lemmy.services.coupou.fr),Yes,Yes,Yes,Yes,Yes,0,0,3,99%,32,0.19.3
[Lemmy Market](https://lemmy.market),Yes,No,No,Yes,Yes,0,0,0,??,??,0.18.5
[Lemmy-TD](https://lemmy.grupotd.nat.cu),Yes,Yes,Yes,Yes,Yes,0,0,0,??,??,0.19.3
[Unfiltered](https://lemmy.unfiltered.social),Yes,No,Yes,Yes,Yes,0,0,0,100%,9,0.18.5
[1.federated.test.lem](https://1.federated.test.lem.rocks),Yes,Yes,Yes,Yes,Yes,0,0,0,??,??,0.19.3
[Tech Tailors](https://lemmy.techtailors.net),Yes,Yes,Yes,Yes,Yes,0,0,0,97%,11,0.19.4-beta.7
